user_date,additions,deletions
zeke (2013-12-11T22:19:12Z),4,3
Zeke Sikelianos (2013-12-11T22:22:53Z),61,0
zeke (2013-12-13T19:22:05Z),6,4
zeke (2013-12-13T19:26:45Z),14,0
zeke (2013-12-13T19:28:33Z),2,2
zeke (2013-12-13T19:31:39Z),6,6
zeke (2013-12-13T19:34:40Z),2,0
zeke (2013-12-13T19:36:53Z),1,1
zeke (2013-12-13T19:39:08Z),1,3
zeke (2013-12-13T19:40:22Z),1,1
zeke (2013-12-13T20:18:52Z),38,16
zeke (2013-12-13T22:57:34Z),1,0
zeke (2013-12-16T22:21:20Z),1,1
Zeke Sikelianos (2013-12-16T22:24:45Z),2,1
zeke (2013-12-17T18:49:24Z),1,1
Zeke Sikelianos (2013-12-17T18:53:45Z),1,1
zeke (2013-12-18T18:03:08Z),2,0
zeke (2013-12-18T18:04:50Z),0,28
zeke (2013-12-20T01:34:11Z),5,32
zeke (2013-12-20T19:52:16Z),6,9
Zeke Sikelianos (2013-12-20T20:05:55Z),3,2
zeke (2013-12-20T23:04:13Z),1,2
zeke (2013-12-20T23:06:11Z),1,1
Zeke Sikelianos (2014-01-07T18:38:15Z),35,4
zeke (2014-01-21T19:54:09Z),23,9
zeke (2014-01-21T20:05:35Z),2,2
zeke (2014-01-21T21:22:10Z),28,6
Zeke Sikelianos (2014-01-21T21:55:02Z),25,11
David Zülke (2014-01-22T22:18:57Z),28,6
zeke (2014-01-28T00:51:59Z),10,0
zeke (2013-12-13T20:18:52Z),38,16
zeke (2013-12-13T22:57:34Z),1,0
zeke (2013-12-16T22:21:20Z),1,1
Zeke Sikelianos (2013-12-16T22:24:45Z),2,1
zeke (2013-12-17T18:49:24Z),1,1
Zeke Sikelianos (2013-12-17T18:53:45Z),1,1
zeke (2013-12-18T18:03:08Z),2,0
zeke (2013-12-18T18:04:50Z),0,28
zeke (2013-12-20T01:34:11Z),5,32
zeke (2013-12-20T19:52:16Z),6,9
Zeke Sikelianos (2013-12-20T20:05:55Z),3,2
zeke (2013-12-20T23:04:13Z),1,2
zeke (2013-12-20T23:06:11Z),1,1
Zeke Sikelianos (2014-01-07T18:38:15Z),35,4
zeke (2014-01-21T19:54:09Z),23,9
zeke (2014-01-21T20:05:35Z),2,2
zeke (2014-01-21T21:22:10Z),28,6
Zeke Sikelianos (2014-01-21T21:55:02Z),25,11
David Zülke (2014-01-22T22:18:57Z),28,6
Tim De Pauw (2014-01-30T15:19:14Z),29,2
Tim De Pauw (2014-01-30T15:32:55Z),2,2
Tim De Pauw (2014-01-30T15:39:25Z),8,92
Tim De Pauw (2014-02-02T16:39:17Z),5,3
Colin Bartlett (2014-02-10T14:59:04Z),4,2
Colin Bartlett (2014-02-10T15:14:47Z),21,2
Dave Foley (2014-03-03T17:50:03Z),12,0
Dave Foley (2014-03-03T17:52:55Z),13,12
Dave Foley (2014-03-03T18:45:17Z),5,15
Junya Hayashi (2014-10-01T03:26:11Z),1,1
Dave Foley (2014-11-19T18:05:55Z),1,1
David Dollar (2012-07-12T20:02:37Z),1,1
David Dollar (2012-07-12T20:02:37Z),1,1
David Dollar (2012-07-12T20:03:19Z),2,2
David Dollar (2012-07-15T18:51:49Z),1,0
David Dollar (2012-07-15T18:52:50Z),4,0
David Dollar (2012-07-15T19:08:29Z),1,1
David Dollar (2012-07-15T19:11:23Z),1,1
David Dollar (2012-07-15T19:25:48Z),0,15
David Dollar (2012-07-15T19:27:47Z),9,1
David Dollar (2012-07-15T19:27:57Z),7,0
David Dollar (2012-07-16T22:29:15Z),2,2
David Dollar (2012-07-19T06:58:06Z),1,1
David Dollar (2012-07-19T07:17:53Z),1,1
David Dollar (2012-07-19T07:34:36Z),1,1
David Rice (2013-02-26T03:09:59Z),2,2
zeke (2013-02-27T06:40:14Z),2,2
zeke (2013-02-28T06:41:08Z),10,11
zeke (2013-03-11T18:03:59Z),2,2
Zeke Sikelianos (2013-03-11T18:15:25Z),12,13
Ryan Brainard (2013-03-22T05:22:27Z),8,0
Zeke Sikelianos (2013-03-24T04:57:13Z),8,0
zeke (2013-03-24T05:07:51Z),81,4
zeke (2013-03-24T05:10:07Z),0,1
zeke (2013-05-14T22:00:12Z),1,1
Zeke Sikelianos (2013-05-31T18:12:08Z),2,2
zeke (2013-07-10T17:54:53Z),28,40
zeke (2013-07-10T18:05:58Z),16,3
zeke (2013-07-10T18:07:58Z),1,1
zeke (2013-07-15T22:22:11Z),1,0
zeke (2013-07-15T22:22:50Z),2,2
zeke (2013-12-11T20:07:35Z),54,5
zeke (2013-12-11T22:19:12Z),4,3
Zeke Sikelianos (2013-12-11T22:22:53Z),61,0
zeke (2013-12-13T19:22:05Z),6,4
zeke (2013-12-13T19:26:45Z),14,0
zeke (2013-12-13T19:28:33Z),2,2
zeke (2013-12-13T19:31:39Z),6,6
zeke (2013-12-13T19:34:40Z),2,0
zeke (2013-12-13T19:36:53Z),1,1
zeke (2013-12-13T19:39:08Z),1,3
zeke (2013-12-13T19:40:22Z),1,1
zeke (2013-12-13T20:18:52Z),38,16
zeke (2013-12-13T22:57:34Z),1,0
zeke (2013-12-16T22:21:20Z),1,1
Zeke Sikelianos (2013-12-16T22:24:45Z),2,1
zeke (2013-12-17T18:49:24Z),1,1
Zeke Sikelianos (2013-12-17T18:53:45Z),1,1
zeke (2013-12-18T18:03:08Z),2,0
zeke (2013-12-18T18:04:50Z),0,28
zeke (2013-12-20T01:34:11Z),5,32
zeke (2013-12-20T19:52:16Z),6,9
Zeke Sikelianos (2013-12-20T20:05:55Z),3,2
zeke (2013-12-20T23:04:13Z),1,2
zeke (2013-12-20T23:06:11Z),1,1
Zeke Sikelianos (2014-01-07T18:38:15Z),35,4
zeke (2014-01-13T19:15:40Z),7,0
zeke (2014-01-21T19:54:09Z),23,9
zeke (2014-01-21T20:05:35Z),2,2
Zeke Sikelianos (2014-01-21T21:55:02Z),25,11
zeke (2014-01-21T22:25:39Z),25,11
zeke (2013-12-13T22:57:34Z),1,0
zeke (2013-12-16T22:21:20Z),1,1
Zeke Sikelianos (2013-12-16T22:24:45Z),2,1
zeke (2013-12-17T18:49:24Z),1,1
Zeke Sikelianos (2013-12-17T18:53:45Z),1,1
zeke (2013-12-18T18:03:08Z),2,0
zeke (2013-12-18T18:04:50Z),0,28
zeke (2013-12-20T01:34:11Z),5,32
zeke (2013-12-20T19:52:16Z),6,9
Zeke Sikelianos (2013-12-20T20:05:55Z),3,2
zeke (2013-12-20T23:04:13Z),1,2
zeke (2013-12-20T23:06:11Z),1,1
Zeke Sikelianos (2014-01-07T18:38:15Z),35,4
zeke (2014-01-21T19:54:09Z),23,9
zeke (2014-01-21T20:05:35Z),2,2
zeke (2014-01-21T21:22:10Z),28,6
Zeke Sikelianos (2014-01-21T21:55:02Z),25,11
David Zülke (2014-01-22T22:18:57Z),28,6
Tim De Pauw (2014-01-30T15:19:14Z),29,2
Tim De Pauw (2014-01-30T15:32:55Z),2,2
Tim De Pauw (2014-01-30T15:39:25Z),8,92
Tim De Pauw (2014-02-02T16:39:17Z),5,3
Colin Bartlett (2014-02-10T14:59:04Z),4,2
Colin Bartlett (2014-02-10T15:14:47Z),21,2
Colin Bartlett (2014-02-10T16:30:56Z),2,0
Colin Bartlett (2014-02-10T17:04:23Z),2,0
Colin Bartlett (2014-02-10T17:22:57Z),0,13
Colin Bartlett (2014-02-10T17:27:38Z),2,1
Colin Bartlett (2014-02-10T17:36:59Z),2,2
Colin Bartlett (2014-02-10T17:38:48Z),1,0
David Dollar (2012-07-15T19:08:29Z),1,1
David Dollar (2012-07-15T19:11:23Z),1,1
David Dollar (2012-07-15T19:25:48Z),0,15
David Dollar (2012-07-15T19:27:47Z),9,1
David Dollar (2012-07-15T19:27:57Z),7,0
David Dollar (2012-07-16T22:29:15Z),2,2
David Dollar (2012-07-19T06:58:06Z),1,1
David Dollar (2012-07-19T07:17:53Z),1,1
David Dollar (2012-07-19T07:34:36Z),1,1
David Rice (2013-02-26T03:09:59Z),2,2
zeke (2013-02-27T06:40:14Z),2,2
zeke (2013-02-28T06:41:08Z),10,11
zeke (2013-03-11T18:03:59Z),2,2
Zeke Sikelianos (2013-03-11T18:15:25Z),12,13
Ryan Brainard (2013-03-22T05:22:27Z),8,0
Zeke Sikelianos (2013-03-24T04:57:13Z),8,0
zeke (2013-03-24T05:07:51Z),81,4
zeke (2013-03-24T05:10:07Z),0,1
zeke (2013-05-14T22:00:12Z),1,1
Zeke Sikelianos (2013-05-31T18:12:08Z),2,2
zeke (2013-07-10T17:54:53Z),28,40
zeke (2013-07-10T18:05:58Z),16,3
zeke (2013-07-10T18:07:58Z),1,1
zeke (2013-07-15T22:22:11Z),1,0
zeke (2013-07-15T22:22:50Z),2,2
zeke (2013-08-08T04:17:01Z),21,3
zeke (2013-08-13T18:15:33Z),14,8
zeke (2013-08-13T21:07:49Z),1,0
zeke (2013-08-13T21:08:07Z),0,0
zeke (2013-08-13T21:08:21Z),11,8
