user_date,deletions,additions
Mike Bostock (2013-01-24T17:26:22Z),1483,50
Jason Davies (2013-01-31T17:34:05Z),50,55
Mike Bostock (2013-01-31T23:11:40Z),76,75
Mike Bostock (2013-02-01T16:09:12Z),8,14
Jason Davies (2013-02-01T16:51:47Z),3,5
Mike Bostock (2013-02-01T17:58:24Z),54,21
Mike Bostock (2013-02-01T18:30:51Z),13,21
Mike Bostock (2013-02-01T18:57:37Z),8,8
Mike Bostock (2013-02-01T19:06:29Z),1,1
Jason Davies (2013-02-05T21:35:58Z),0,8
Mike Bostock (2013-02-06T16:50:19Z),5,8
Mike Bostock (2013-02-06T16:51:20Z),4,4
Mike Bostock (2013-02-06T16:55:05Z),13,12
Mike Bostock (2013-02-06T17:48:29Z),5,5
Mike Bostock (2013-02-06T18:18:52Z),9,30
Mike Bostock (2013-02-06T18:25:19Z),8,25
Mike Bostock (2013-02-06T18:48:13Z),53,148
Mike Bostock (2013-02-06T18:52:10Z),9,30
Mike Bostock (2013-02-06T18:52:35Z),61,159
Mike Bostock (2013-02-06T18:56:37Z),86,84
Mike Bostock (2013-02-06T18:57:05Z),8,8
Mike Bostock (2013-02-06T18:57:30Z),54,21
Mike Bostock (2013-02-06T18:57:55Z),20,36
Mike Bostock (2013-02-06T18:58:29Z),28,21
Mike Bostock (2013-02-06T18:59:09Z),51,64
Mike Bostock (2013-02-06T19:04:42Z),301,424
Mike Bostock (2013-02-14T18:09:35Z),36,237
Calvin Metcalf (2013-02-14T19:17:57Z),1,1
Mike Bostock (2013-02-14T19:30:35Z),1,1
Mike Bostock (2013-02-20T15:51:32Z),14,31
Jim Kang (2014-03-22T04:50:22Z),12,12
Mike Bostock (2014-03-22T14:35:26Z),12,12
Mike Bostock (2014-03-24T03:24:32Z),0,136
Mike Bostock (2014-03-24T05:51:07Z),32,173
Mike Bostock (2014-03-24T05:51:07Z),14,14
Mike Bostock (2014-03-24T05:51:26Z),7,8
Mike Bostock (2014-03-24T05:51:47Z),1,3
Mike Bostock (2014-03-24T05:52:06Z),63,100
Mike Bostock (2014-03-24T05:52:13Z),13,17
Mike Bostock (2014-03-24T05:52:19Z),39,7
Mike Bostock (2014-03-24T05:52:25Z),3,10
Mike Bostock (2014-03-24T05:52:31Z),7,7
Mike Bostock (2014-03-24T05:52:42Z),5,3
Mike Bostock (2014-03-24T05:52:42Z),12,12
Mike Bostock (2014-03-24T05:52:46Z),25,23
Mike Bostock (2014-03-24T05:52:50Z),98,98
Mike Bostock (2014-03-24T05:52:50Z),3,5
Mike Bostock (2014-03-24T05:52:54Z),11,52
Mike Bostock (2014-03-24T05:52:59Z),37,42
Mike Bostock (2014-03-24T05:53:03Z),10,11
Mike Bostock (2014-03-24T05:53:07Z),6,8
Mike Bostock (2014-03-24T05:53:07Z),1,5
Mike Bostock (2014-03-24T05:53:07Z),3,12
Mike Bostock (2014-03-24T05:57:35Z),33,27
Mike Bostock (2014-03-24T16:02:48Z),5,5
Mike Bostock (2014-03-25T03:45:44Z),304,518
Mike Bostock (2014-04-02T03:34:15Z),2,76
Mike Bostock (2014-04-02T03:57:34Z),42,62
Mike Bostock (2014-04-02T15:45:24Z),13,22
Mike Bostock (2014-04-02T15:52:13Z),3,3
Leonardo Dutra (2013-07-24T18:58:58Z),1,1
Leonardo Dutra (2013-07-24T19:01:18Z),1,1
Leonardo Dutra (2013-07-24T20:51:35Z),4,3
Leonardo Dutra (2013-07-24T20:59:28Z),1,1
Leonardo Dutra (2013-07-24T21:04:52Z),2,2
Leonardo Dutra (2013-07-24T21:39:27Z),1,1
Leonardo Dutra (2013-07-29T20:25:05Z),2,3
Leonardo Dutra (2013-07-29T20:27:08Z),2,2
Mike Bostock (2013-07-31T17:40:07Z),0,10
Mike Bostock (2013-07-31T18:00:11Z),7,7
Jason Davies (2013-07-31T20:28:41Z),9,13
Mike Bostock (2013-07-31T21:31:22Z),24,29
Jason Davies (2013-07-31T21:39:01Z),3,3
Mike Bostock (2013-08-01T14:27:59Z),10,9
Mike Bostock (2013-08-01T14:28:49Z),2,2
Mike Bostock (2013-08-01T14:29:32Z),12,12
Mike Bostock (2013-08-01T14:30:31Z),5,5
Mike Bostock (2013-08-01T14:31:53Z),3,3
Mike Bostock (2013-08-01T14:33:51Z),4,3
Mike Bostock (2013-08-01T14:35:38Z),9,9
Mike Bostock (2013-08-01T14:36:02Z),11,19
Mike Bostock (2013-08-01T14:36:26Z),53,84
Mike Bostock (2013-08-01T14:37:00Z),4,15
Mike Bostock (2013-08-01T14:37:51Z),93,141
Mike Bostock (2013-08-12T15:17:45Z),3,3
Jason Davies (2013-08-16T11:58:26Z),63,95
Jason Davies (2013-08-16T11:58:26Z),3,3
Jason Davies (2013-08-16T11:58:41Z),19,96
Jason Davies (2013-08-16T11:58:41Z),8,48
Jason Davies (2013-08-16T11:58:45Z),7,16
Jim Kang (2014-03-22T04:50:22Z),12,12
Mike Bostock (2014-03-22T14:35:26Z),12,12
Mike Bostock (2014-03-24T03:24:32Z),0,136
Mike Bostock (2014-03-24T05:51:07Z),32,173
Mike Bostock (2014-03-24T05:51:07Z),14,14
Mike Bostock (2014-03-24T05:51:26Z),7,8
Mike Bostock (2014-03-24T05:51:47Z),1,3
Mike Bostock (2014-03-24T05:52:06Z),63,100
Mike Bostock (2014-03-24T05:52:13Z),13,17
Mike Bostock (2014-03-24T05:52:19Z),39,7
Mike Bostock (2014-03-24T05:52:25Z),3,10
Mike Bostock (2014-03-24T05:52:31Z),7,7
Mike Bostock (2014-03-24T05:52:42Z),5,3
Mike Bostock (2014-03-24T05:52:42Z),12,12
Mike Bostock (2014-03-24T05:52:46Z),25,23
Mike Bostock (2014-03-24T05:52:50Z),98,98
Mike Bostock (2014-03-24T05:52:50Z),3,5
Mike Bostock (2014-03-24T05:52:54Z),11,52
Mike Bostock (2014-03-24T05:52:59Z),37,42
Mike Bostock (2014-03-24T05:53:03Z),10,11
Mike Bostock (2014-03-24T05:53:07Z),6,8
Mike Bostock (2014-03-24T05:53:07Z),1,5
Mike Bostock (2014-03-24T05:53:07Z),3,12
Mike Bostock (2014-03-24T05:57:35Z),33,27
Mike Bostock (2014-03-24T16:02:48Z),5,5
Mike Bostock (2014-03-25T03:45:44Z),304,518
Mike Bostock (2014-04-06T04:41:03Z),131,73
Mike Bostock (2014-04-06T04:50:33Z),8,9
Mike Bostock (2014-04-06T05:05:11Z),0,41
Mike Bostock (2014-04-06T05:24:21Z),17,7
Mike Bostock (2014-03-24T05:51:07Z),14,14
Mike Bostock (2014-03-24T05:51:26Z),7,8
Mike Bostock (2014-03-24T05:51:47Z),1,3
Mike Bostock (2014-03-24T05:52:06Z),63,100
Mike Bostock (2014-03-24T05:52:13Z),13,17
Mike Bostock (2014-03-24T05:52:19Z),39,7
Mike Bostock (2014-03-24T05:52:25Z),3,10
Mike Bostock (2014-03-24T05:52:31Z),7,7
Mike Bostock (2014-03-24T05:52:42Z),5,3
Mike Bostock (2014-03-24T05:52:42Z),12,12
Mike Bostock (2014-03-24T05:52:46Z),25,23
Mike Bostock (2014-03-24T05:52:50Z),98,98
Mike Bostock (2014-03-24T05:52:50Z),3,5
Mike Bostock (2014-03-24T05:52:54Z),11,52
Mike Bostock (2014-03-24T05:52:59Z),37,42
Mike Bostock (2014-03-24T05:53:03Z),10,11
Mike Bostock (2014-03-24T05:53:07Z),6,8
Mike Bostock (2014-03-24T05:53:07Z),1,5
Mike Bostock (2014-03-24T05:53:07Z),3,12
Mike Bostock (2014-03-24T05:57:35Z),33,27
Mike Bostock (2014-03-24T16:02:48Z),5,5
Mike Bostock (2014-03-25T03:45:44Z),304,518
Jason Davies (2014-04-04T13:29:23Z),16,29
Mike Bostock (2014-04-06T04:41:03Z),131,73
Mike Bostock (2014-04-06T04:50:33Z),8,9
Mike Bostock (2014-04-06T05:05:11Z),0,41
Mike Bostock (2014-04-06T05:24:21Z),17,7
Mike Bostock (2014-04-08T04:41:17Z),15,28
Mike Bostock (2014-04-08T04:43:32Z),147,134
Chris Wanstrath (2014-04-08T18:46:26Z),1,1
Mike Bostock (2013-11-18T22:08:13Z),0,25
Mike Bostock (2013-11-19T16:37:28Z),0,7
Mike Bostock (2013-11-19T17:15:42Z),11,22
Mike Bostock (2013-11-19T17:15:42Z),34,22
Mike Bostock (2013-11-19T17:16:05Z),4,4
Mike Bostock (2013-11-19T17:17:11Z),6,6
Mike Bostock (2013-11-19T17:17:45Z),4,4
Mike Bostock (2013-11-19T17:18:12Z),6,6
Mike Bostock (2013-11-19T17:19:00Z),37,36
Mike Bostock (2013-11-20T20:59:08Z),0,2
Mike Bostock (2013-11-20T23:25:24Z),1,1
Guy Bedford (2013-11-25T12:26:45Z),1,8
Mike Bostock (2013-11-30T01:04:42Z),11,11
Mike Bostock (2013-12-03T16:23:14Z),1,8
Mike Bostock (2013-12-03T20:04:03Z),32,54
Mike Bostock (2013-12-04T18:00:18Z),4,16
Daniel Goldbach (2013-12-05T08:05:38Z),3,3
Mike Bostock (2013-12-05T16:18:23Z),3,3
Mike Bostock (2013-12-12T23:36:35Z),37,42
Mike Bostock (2013-12-13T22:00:23Z),59,47
Mike Bostock (2013-12-13T23:57:10Z),9,28
Mike Bostock (2013-12-13T23:59:50Z),4,16
Mike Bostock (2013-12-14T00:03:09Z),9,28
Mike Bostock (2013-12-14T00:04:00Z),20,35
Mike Bostock (2013-12-14T00:06:11Z),31,77
Stuart Glaser (2013-12-16T01:06:47Z),0,5
Stuart Glaser (2013-12-16T01:06:57Z),0,6
Mike Bostock (2013-12-16T17:22:34Z),8,7
Mike Bostock (2013-12-16T17:24:53Z),9,19
Mike Bostock (2014-01-09T19:21:14Z),5,30
Mike Bostock (2012-11-12T16:40:58Z),69,2
Mike Bostock (2012-11-12T18:06:39Z),95,2
Mike Bostock (2012-11-12T18:07:42Z),6,0
Mike Bostock (2012-11-12T18:12:08Z),100,0
Mike Bostock (2012-11-12T19:11:58Z),610,6
Mike Bostock (2012-11-12T19:56:20Z),879,2
Mike Bostock (2012-11-12T21:22:43Z),349,2
Mike Bostock (2012-11-12T21:28:23Z),532,2
Mike Bostock (2012-11-12T21:33:07Z),138,2
Mike Bostock (2012-11-12T21:43:43Z),900,4
Mike Bostock (2012-11-13T01:30:05Z),126,2
Mike Bostock (2012-11-13T01:44:05Z),5421,2
Mike Bostock (2012-11-13T02:11:34Z),104,2
Mike Bostock (2012-11-13T02:14:34Z),110,2
Mike Bostock (2012-11-13T02:20:34Z),124,4
Mike Bostock (2012-11-13T02:23:05Z),122,2
Mike Bostock (2012-11-13T02:31:08Z),152,2
Mike Bostock (2012-11-13T02:33:17Z),5110,1
Mike Bostock (2012-11-13T03:02:33Z),3697,2
James Campos (2013-03-03T03:12:13Z),0,1
Mike Bostock (2013-03-03T03:38:24Z),0,1
Jason Davies (2013-04-25T12:46:07Z),0,6
Jason Davies (2013-04-25T13:05:09Z),1,1
Mike Bostock (2013-05-30T05:28:35Z),3,4
Mark Otaris (2013-07-13T00:16:26Z),1,1
Mike Bostock (2013-07-13T00:19:45Z),1,1
Eric Theise (2013-08-04T22:36:44Z),1,1
Mike Bostock (2013-08-05T00:14:37Z),1,1
Mike Bostock (2013-10-02T15:44:40Z),0,1
Mike Bostock (2013-11-06T19:11:14Z),450,2
Jason Davies (2013-03-22T00:01:16Z),0,30
Mike Bostock (2013-03-22T22:38:56Z),13,71
Mike Bostock (2013-03-24T23:44:28Z),5,5
Mike Bostock (2013-03-24T23:51:00Z),10,10
Jason Davies (2013-03-25T08:51:16Z),0,21
Jason Davies (2013-03-25T10:29:37Z),0,3
Lee Leathers (2013-03-27T06:49:52Z),1,7
Dan Tillberg (2013-03-30T00:23:57Z),13,18
Mike Bostock (2013-03-31T16:46:07Z),57,150
Mike Bostock (2013-03-31T16:48:10Z),53,53
John Firebaugh (2013-04-02T16:00:45Z),0,1
Mike Bostock (2013-04-02T20:56:07Z),0,1
Mike Bostock (2013-04-03T04:51:29Z),0,12
Dan Milon (2013-04-03T17:41:46Z),2,6
Mike Bostock (2013-04-03T17:44:13Z),2,6
Mike Bostock (2013-04-03T17:46:15Z),5,7
Mike Bostock (2013-04-03T17:54:21Z),1,7
Mike Bostock (2013-04-03T17:54:52Z),1,7
Mike Bostock (2013-04-05T03:50:51Z),6,12
Mike Bostock (2013-04-07T02:16:12Z),110,203
Mike Bostock (2013-04-07T02:16:38Z),6,12
Mike Bostock (2013-04-07T02:21:58Z),28,36
Mike Bostock (2013-04-07T02:27:55Z),30,22
Mike Bostock (2013-04-07T02:29:44Z),144,243
Chia-liang Kao (2013-04-11T15:10:08Z),2,2
Chia-liang Kao (2013-04-11T15:10:08Z),1,1
Mike Bostock (2013-04-11T16:21:37Z),3,3
Jason Davies (2013-04-11T17:20:44Z),1,1
Mike Bostock (2013-04-19T21:01:36Z),16,80
Mike Bostock (2013-04-19T21:06:41Z),19,20
Jason Davies (2014-03-20T14:24:57Z),2,2
Roger Bramon (2014-03-21T21:04:36Z),0,136
Jim Kang (2014-03-22T04:50:22Z),12,12
Mike Bostock (2014-03-22T14:35:26Z),12,12
Mike Bostock (2014-03-24T03:24:32Z),0,136
Mike Bostock (2014-03-24T05:51:07Z),32,173
Mike Bostock (2014-03-24T05:51:07Z),14,14
Mike Bostock (2014-03-24T05:51:26Z),7,8
Mike Bostock (2014-03-24T05:51:47Z),1,3
Mike Bostock (2014-03-24T05:52:06Z),63,100
Mike Bostock (2014-03-24T05:52:13Z),13,17
Mike Bostock (2014-03-24T05:52:19Z),39,7
Mike Bostock (2014-03-24T05:52:25Z),3,10
Mike Bostock (2014-03-24T05:52:31Z),7,7
Mike Bostock (2014-03-24T05:52:42Z),5,3
Mike Bostock (2014-03-24T05:52:42Z),12,12
Mike Bostock (2014-03-24T05:52:46Z),25,23
Mike Bostock (2014-03-24T05:52:50Z),98,98
Mike Bostock (2014-03-24T05:52:50Z),3,5
Mike Bostock (2014-03-24T05:52:54Z),11,52
Mike Bostock (2014-03-24T05:52:59Z),37,42
Mike Bostock (2014-03-24T05:53:03Z),10,11
Mike Bostock (2014-03-24T05:53:07Z),6,8
Mike Bostock (2014-03-24T05:53:07Z),1,5
Mike Bostock (2014-03-24T05:53:07Z),3,12
Mike Bostock (2014-03-24T05:57:35Z),33,27
Mike Bostock (2014-03-24T16:02:48Z),5,5
Mike Bostock (2014-03-25T03:45:44Z),304,518
Mike Bostock (2014-04-02T17:28:44Z),0,56
Mike Bostock (2014-04-02T17:30:06Z),1,1
Jason Davies (2013-09-16T23:09:47Z),19,44
Mike Bostock (2013-09-19T03:12:45Z),5,5
Mike Bostock (2013-09-19T03:36:54Z),3,11
Mike Bostock (2013-09-19T03:50:12Z),19,44
Mike Bostock (2013-09-19T03:51:12Z),5,5
Mike Bostock (2013-09-19T03:51:35Z),3,11
Mike Bostock (2013-09-19T03:52:44Z),36,66
Mike Bostock (2013-09-21T17:37:15Z),28,61
Mike Bostock (2013-09-21T18:49:09Z),33,66
Jason Davies (2013-09-24T18:03:23Z),28,74
Jason Davies (2013-09-24T19:08:33Z),19,23
Jason Davies (2013-09-24T19:39:33Z),36,56
Mike Bostock (2013-09-25T04:22:16Z),7,7
Mike Bostock (2013-09-25T04:31:08Z),3,3
Jason Davies (2013-09-25T18:15:32Z),24,21
Jason Davies (2013-09-25T18:24:28Z),31,17
Mike Bostock (2013-09-25T18:39:46Z),5,3
Mike Bostock (2013-09-25T18:43:53Z),49,53
Mike Bostock (2013-09-25T18:44:50Z),3,2
Mike Bostock (2013-09-25T19:00:50Z),7,7
Mike Bostock (2013-09-25T19:53:21Z),26,76
Jason Davies (2013-09-26T15:51:35Z),39,34
Mike Bostock (2013-09-26T21:08:16Z),35,30
Mike Bostock (2013-09-26T21:26:06Z),9,9
Mike Bostock (2013-09-26T21:38:01Z),6,6
Mike Bostock (2013-09-26T21:38:51Z),197,241
Jason Davies (2013-10-03T15:57:54Z),184,259
Jason Davies (2013-10-03T16:20:44Z),9,10
Jason Davies (2013-10-03T18:34:18Z),61,53
Jason Davies (2013-10-03T20:08:48Z),5,5
Mike Bostock (2013-09-05T18:21:15Z),85,133
Jason Davies (2013-09-05T18:53:01Z),3,3
Jason Davies (2013-09-05T21:24:46Z),4,1
Jason Davies (2013-09-16T23:09:47Z),19,44
Mike Bostock (2013-09-19T03:12:45Z),5,5
Mike Bostock (2013-09-19T03:36:54Z),3,11
Mike Bostock (2013-09-19T03:50:12Z),19,44
Mike Bostock (2013-09-19T03:51:12Z),5,5
Mike Bostock (2013-09-19T03:51:35Z),3,11
Mike Bostock (2013-09-19T03:52:44Z),36,66
Mike Bostock (2013-09-21T17:37:15Z),28,61
Mike Bostock (2013-09-21T18:49:09Z),33,66
Jason Davies (2013-09-24T18:03:23Z),28,74
Jason Davies (2013-09-24T19:08:33Z),19,23
Jason Davies (2013-09-24T19:39:33Z),36,56
Mike Bostock (2013-09-25T04:22:16Z),7,7
Mike Bostock (2013-09-25T04:31:08Z),3,3
Jason Davies (2013-09-25T18:15:32Z),24,21
Jason Davies (2013-09-25T18:24:28Z),31,17
Mike Bostock (2013-09-25T18:39:46Z),5,3
Mike Bostock (2013-09-25T18:43:53Z),49,53
Mike Bostock (2013-09-25T18:44:50Z),3,2
Mike Bostock (2013-09-25T19:00:50Z),7,7
Mike Bostock (2013-09-25T19:53:21Z),26,76
Jason Davies (2013-09-26T15:51:35Z),39,34
Mike Bostock (2013-09-26T21:08:16Z),35,30
Mike Bostock (2013-09-26T21:26:06Z),9,9
Mike Bostock (2013-09-26T21:38:01Z),6,6
Mike Bostock (2013-09-26T21:38:51Z),197,241
Jason Davies (2013-10-02T09:49:30Z),5,62
Jason Davies (2014-03-20T14:20:55Z),1,17
Jason Davies (2014-03-20T14:24:57Z),2,2
Roger Bramon (2014-03-21T21:04:36Z),0,136
Jim Kang (2014-03-22T04:50:22Z),12,12
Mike Bostock (2014-03-22T14:35:26Z),12,12
Mike Bostock (2014-03-24T03:24:32Z),0,136
Mike Bostock (2014-03-24T05:51:07Z),32,173
Mike Bostock (2014-03-24T05:51:07Z),14,14
Mike Bostock (2014-03-24T05:51:26Z),7,8
Mike Bostock (2014-03-24T05:51:47Z),1,3
Mike Bostock (2014-03-24T05:52:06Z),63,100
Mike Bostock (2014-03-24T05:52:13Z),13,17
Mike Bostock (2014-03-24T05:52:19Z),39,7
Mike Bostock (2014-03-24T05:52:25Z),3,10
Mike Bostock (2014-03-24T05:52:31Z),7,7
Mike Bostock (2014-03-24T05:52:42Z),5,3
Mike Bostock (2014-03-24T05:52:42Z),12,12
Mike Bostock (2014-03-24T05:52:46Z),25,23
Mike Bostock (2014-03-24T05:52:50Z),98,98
Mike Bostock (2014-03-24T05:52:50Z),3,5
Mike Bostock (2014-03-24T05:52:54Z),11,52
Mike Bostock (2014-03-24T05:52:59Z),37,42
Mike Bostock (2014-03-24T05:53:03Z),10,11
Mike Bostock (2014-03-24T05:53:07Z),6,8
Mike Bostock (2014-03-24T05:53:07Z),1,5
Mike Bostock (2014-03-24T05:53:07Z),3,12
Mike Bostock (2014-03-24T05:57:35Z),33,27
Mike Bostock (2014-03-24T16:02:48Z),5,5
Mike Bostock (2014-03-25T03:45:44Z),304,518
Jason Davies (2014-04-04T13:29:23Z),16,29
Mike Bostock (2013-10-10T15:36:59Z),60,60
Mike Bostock (2013-10-10T15:44:29Z),29,30
Mike Bostock (2013-10-10T23:46:19Z),1443,2175
Mike Bostock (2013-10-11T00:19:13Z),256,184
Mike Bostock (2013-10-11T03:49:09Z),3186,11
Mike Bostock (2013-10-11T03:51:20Z),0,10
Mike Bostock (2013-10-11T03:53:19Z),2,2
Jason Davies (2013-10-11T10:41:55Z),5,17
Jason Davies (2013-10-11T15:12:03Z),287,299
Mike Bostock (2013-10-11T18:41:02Z),16,18
Mike Bostock (2013-10-12T04:06:01Z),4,10
Mike Bostock (2013-10-12T04:21:26Z),7,5
Mike Bostock (2013-10-12T04:24:28Z),2,7
Mike Bostock (2013-10-14T15:54:43Z),289,306
Mike Bostock (2013-10-14T15:55:15Z),11,21
Mike Bostock (2013-10-14T15:56:31Z),322,357
Jason Davies (2013-10-15T21:43:09Z),35,63
Mike Bostock (2013-10-16T15:47:09Z),55,73
Mike Bostock (2013-10-16T16:13:43Z),84,84
Harry Voorhees (2013-10-16T23:18:46Z),21,25
Harry Voorhees (2013-10-17T00:12:08Z),18,15
Harry Voorhees (2013-10-17T00:32:04Z),5,9
Mike Bostock (2013-10-17T15:58:19Z),4,41
Mike Bostock (2013-10-17T16:11:22Z),29,45
Mike Bostock (2013-10-25T21:53:47Z),15,20
Mike Bostock (2013-10-25T22:35:22Z),11,64
Mike Bostock (2013-10-25T22:35:59Z),15,20
Mike Bostock (2013-10-25T22:36:50Z),84,188
Mike Bostock (2013-11-11T21:06:20Z),2,2
Mike Bostock (2013-11-17T19:29:12Z),4,4
Mike Bostock (2014-03-24T05:51:07Z),14,14
Mike Bostock (2014-03-24T05:51:26Z),7,8
Mike Bostock (2014-03-24T05:51:47Z),1,3
Mike Bostock (2014-03-24T05:52:06Z),63,100
Mike Bostock (2014-03-24T05:52:13Z),13,17
Mike Bostock (2014-03-24T05:52:19Z),39,7
Mike Bostock (2014-03-24T05:52:25Z),3,10
Mike Bostock (2014-03-24T05:52:31Z),7,7
Mike Bostock (2014-03-24T05:52:42Z),5,3
Mike Bostock (2014-03-24T05:52:42Z),12,12
Mike Bostock (2014-03-24T05:52:46Z),25,23
Mike Bostock (2014-03-24T05:52:50Z),98,98
Mike Bostock (2014-03-24T05:52:50Z),3,5
Mike Bostock (2014-03-24T05:52:54Z),11,52
Mike Bostock (2014-03-24T05:52:59Z),37,42
Mike Bostock (2014-03-24T05:53:03Z),10,11
Mike Bostock (2014-03-24T05:53:07Z),6,8
Mike Bostock (2014-03-24T05:53:07Z),1,5
Mike Bostock (2014-03-24T05:53:07Z),3,12
Mike Bostock (2014-03-24T05:57:35Z),33,27
Mike Bostock (2014-03-24T16:02:48Z),5,5
Mike Bostock (2014-03-25T03:45:44Z),304,518
Jason Davies (2014-04-04T13:29:23Z),16,29
Mike Bostock (2014-04-06T04:41:03Z),131,73
Mike Bostock (2014-04-06T04:50:33Z),8,9
Mike Bostock (2014-04-06T05:05:11Z),0,41
Mike Bostock (2014-04-06T05:24:21Z),17,7
Mike Bostock (2014-04-08T04:41:17Z),15,28
Mike Bostock (2014-04-08T04:43:32Z),147,134
Mike Bostock (2014-04-08T15:03:44Z),10,9
Mike Bostock (2013-07-01T18:06:43Z),6,18
Mike Bostock (2013-07-01T18:07:10Z),142,130
Mike Bostock (2013-07-01T18:07:45Z),139,224
Mike Bostock (2013-07-01T18:08:08Z),66,54
Mike Bostock (2013-07-01T18:08:34Z),9,36
Mike Bostock (2013-07-01T18:10:05Z),349,437
Mike Bostock (2013-07-02T16:07:38Z),25,52
Mike Bostock (2013-07-02T17:22:18Z),0,22
Mike Bostock (2013-07-02T17:23:30Z),7,3
Mike Bostock (2013-07-02T17:28:23Z),2,20
Mike Bostock (2013-07-03T04:09:53Z),4,10
Mike Bostock (2013-07-03T17:03:21Z),21,11
Mike Bostock (2013-07-03T17:05:14Z),2,2
Mike Bostock (2013-07-03T17:08:27Z),355,455
Mike Bostock (2013-07-03T17:09:54Z),23,51
Mike Bostock (2013-07-04T17:15:34Z),14,12
Mike Bostock (2013-07-04T17:35:30Z),13,12
Mike Bostock (2013-07-05T17:00:29Z),56,91
Mike Bostock (2013-07-05T17:32:37Z),12,51
Mike Bostock (2013-07-05T17:44:58Z),23,13
Mike Bostock (2013-07-05T17:45:24Z),17,86
Mike Bostock (2013-07-05T18:18:06Z),170,261
Mike Bostock (2013-07-05T18:19:04Z),171,262
Mike Bostock (2013-07-05T18:19:30Z),13,12
Mike Bostock (2013-07-05T18:19:53Z),64,138
Mike Bostock (2013-07-05T18:20:20Z),6,6
Jason Davies (2013-07-05T22:34:17Z),7,22
Jason Davies (2013-07-05T22:39:56Z),1,1
Mike Bostock (2013-07-06T03:13:41Z),14,12
Mike Bostock (2013-07-09T18:47:30Z),54,51
Mike Bostock (2014-01-09T23:31:05Z),175,135
Mike Bostock (2014-01-09T23:32:10Z),28,43
Mike Bostock (2014-01-09T23:32:48Z),97,226
Mike Bostock (2014-01-09T23:33:19Z),6924,6982
Mike Bostock (2014-01-09T23:33:53Z),27,45
Mike Bostock (2014-01-09T23:36:18Z),6,6
Mike Bostock (2014-01-10T00:37:18Z),5,10
Mike Bostock (2014-01-10T00:38:12Z),5,10
Mike Bostock (2014-01-10T00:43:32Z),56,164
Mike Bostock (2014-01-10T00:44:43Z),3,3
Mike Bostock (2014-01-10T05:40:47Z),10,9
Mike Bostock (2014-01-10T17:52:03Z),4,4
Jason Davies (2014-01-10T22:18:17Z),1,1
Mike Bostock (2014-01-13T19:42:04Z),44,32
kmindi (2014-01-14T23:02:33Z),0,20
kmindi (2014-01-14T23:15:26Z),2,1
kmindi (2014-01-15T07:14:28Z),1,1
Mike Bostock (2014-01-15T22:34:25Z),1,1
Mike Bostock (2014-01-16T17:57:14Z),0,19
Jesus Magana (2014-01-21T02:51:51Z),0,1
Mike Bostock (2014-01-21T16:10:09Z),0,1
PatrickJS (2014-02-03T10:04:15Z),1,1
jbblanchet (2014-02-11T19:33:51Z),2,4
jbblanchet (2014-02-12T02:29:15Z),0,5
Mike Bostock (2014-02-18T16:14:25Z),1,1
Mike Bostock (2014-02-18T16:19:56Z),2,9
Mike Bostock (2014-02-18T16:38:48Z),9,29
Mike Bostock (2014-02-18T16:39:33Z),11,38
Mike Bostock (2014-02-26T19:20:03Z),3,7
Mike Bostock (2014-02-26T19:28:20Z),9,9
Mike Bostock (2014-01-10T05:40:47Z),10,9
Mike Bostock (2014-01-10T17:52:03Z),4,4
Jason Davies (2014-01-10T22:18:17Z),1,1
Mike Bostock (2014-01-13T19:42:04Z),44,32
kmindi (2014-01-14T23:02:33Z),0,20
kmindi (2014-01-14T23:15:26Z),2,1
kmindi (2014-01-15T07:14:28Z),1,1
Mike Bostock (2014-01-15T22:34:25Z),1,1
Mike Bostock (2014-01-16T17:57:14Z),0,19
Jesus Magana (2014-01-21T02:51:51Z),0,1
Mike Bostock (2014-01-21T16:10:09Z),0,1
PatrickJS (2014-02-03T10:04:15Z),1,1
jbblanchet (2014-02-11T19:33:51Z),2,4
jbblanchet (2014-02-12T02:29:15Z),0,5
Mike Bostock (2014-02-18T16:14:25Z),1,1
Mike Bostock (2014-02-18T16:19:56Z),2,9
Mike Bostock (2014-02-18T16:38:48Z),9,29
Mike Bostock (2014-02-18T16:39:33Z),11,38
Jason Davies (2014-02-27T00:29:52Z),12,16
Mike Bostock (2014-02-27T15:50:18Z),17,21
Mike Bostock (2014-03-09T18:14:50Z),1,1
Alexander WU (2014-03-13T13:30:06Z),0,16
Mike Bostock (2014-03-13T15:07:42Z),0,16
Fabricio Tavares de Oliveira (2014-03-17T13:11:34Z),0,136
Mike Bostock (2014-03-17T15:10:35Z),0,136
Mike Bostock (2014-03-19T16:58:41Z),1,3
Mike Bostock (2014-03-19T21:00:58Z),63,100
Mike Bostock (2014-03-19T21:42:12Z),13,17
Mike Bostock (2014-03-20T18:31:20Z),39,7
Mike Bostock (2014-03-23T21:10:55Z),102,102
Mike Bostock (2013-10-10T15:36:59Z),60,60
Mike Bostock (2013-10-10T15:44:29Z),29,30
Mike Bostock (2013-10-10T23:46:19Z),1443,2175
Mike Bostock (2013-10-11T00:19:13Z),256,184
Mike Bostock (2013-10-11T03:49:09Z),3186,11
Mike Bostock (2013-10-11T03:51:20Z),0,10
Mike Bostock (2013-10-11T03:53:19Z),2,2
Jason Davies (2013-10-11T10:41:55Z),5,17
Jason Davies (2013-10-11T15:12:03Z),287,299
Mike Bostock (2013-10-11T18:41:02Z),16,18
Mike Bostock (2013-10-12T04:06:01Z),4,10
Mike Bostock (2013-10-12T04:21:26Z),7,5
Mike Bostock (2013-10-12T04:24:28Z),2,7
Mike Bostock (2013-10-14T15:54:43Z),289,306
Mike Bostock (2013-10-14T15:55:15Z),11,21
Mike Bostock (2013-10-14T15:56:31Z),322,357
Jason Davies (2013-10-15T21:43:09Z),35,63
Mike Bostock (2013-10-16T15:47:09Z),55,73
Mike Bostock (2013-10-16T16:13:43Z),84,84
Harry Voorhees (2013-10-16T23:18:46Z),21,25
Harry Voorhees (2013-10-17T00:12:08Z),18,15
Harry Voorhees (2013-10-17T00:32:04Z),5,9
Mike Bostock (2013-10-17T15:58:19Z),4,41
Mike Bostock (2013-10-17T16:11:22Z),29,45
Mike Bostock (2013-10-25T21:53:47Z),15,20
Mike Bostock (2013-10-25T22:35:22Z),11,64
Mike Bostock (2013-10-25T22:35:59Z),15,20
Mike Bostock (2013-10-25T22:36:50Z),84,188
Mike Bostock (2013-11-11T21:06:20Z),2,2
Jason Davies (2013-11-18T12:01:50Z),35,48
Mike Bostock (2014-01-09T23:36:18Z),6,6
Mike Bostock (2014-01-10T00:37:18Z),5,10
Mike Bostock (2014-01-10T00:38:12Z),5,10
Mike Bostock (2014-01-10T00:43:32Z),56,164
Mike Bostock (2014-01-10T00:44:43Z),3,3
Mike Bostock (2014-01-10T05:40:47Z),10,9
Mike Bostock (2014-01-10T17:52:03Z),4,4
Jason Davies (2014-01-10T22:18:17Z),1,1
Mike Bostock (2014-01-13T19:42:04Z),44,32
kmindi (2014-01-14T23:02:33Z),0,20
kmindi (2014-01-14T23:15:26Z),2,1
kmindi (2014-01-15T07:14:28Z),1,1
Mike Bostock (2014-01-15T22:34:25Z),1,1
Mike Bostock (2014-01-16T17:57:14Z),0,19
Jesus Magana (2014-01-21T02:51:51Z),0,1
Mike Bostock (2014-01-21T16:10:09Z),0,1
PatrickJS (2014-02-03T10:04:15Z),1,1
jbblanchet (2014-02-11T19:33:51Z),2,4
jbblanchet (2014-02-12T02:29:15Z),0,5
Mike Bostock (2014-02-18T16:14:25Z),1,1
Mike Bostock (2014-02-18T16:19:56Z),2,9
Mike Bostock (2014-02-18T16:38:48Z),9,29
Mike Bostock (2014-02-18T16:39:33Z),11,38
Jason Davies (2014-02-27T00:29:52Z),12,16
Mike Bostock (2014-02-27T15:50:18Z),17,21
Mike Bostock (2014-03-04T16:26:28Z),52,68
Mike Bostock (2014-03-04T16:38:07Z),128,123
Mike Bostock (2014-03-04T16:50:46Z),50,24
Mike Bostock (2014-03-04T17:12:33Z),173,136
Mike Bostock (2014-03-04T17:20:45Z),15,12
Mike Bostock (2013-04-30T22:53:31Z),20,9
Mike Bostock (2013-04-30T22:54:06Z),33,69
Mike Bostock (2013-04-30T22:54:43Z),49,37
Mike Bostock (2013-04-30T22:55:25Z),32,171
Mike Bostock (2013-04-30T22:56:30Z),166,321
Mike Bostock (2013-04-30T23:09:40Z),4,14
Jason Davies (2013-05-01T17:57:16Z),5,9
Jason Davies (2013-05-04T11:34:23Z),3,51
Jason Davies (2013-05-05T10:33:15Z),111,486
Jason Davies (2013-05-07T18:47:44Z),13,18
Jason Davies (2013-05-08T09:44:56Z),4,2
Jason Davies (2013-05-08T10:50:45Z),2,2
Mike Bostock (2013-05-13T22:11:59Z),62,84
Mike Bostock (2013-05-15T22:48:13Z),28,34
Mike Bostock (2013-05-15T23:05:25Z),2,2
Mike Bostock (2013-05-15T23:09:02Z),111,486
Mike Bostock (2013-05-15T23:09:31Z),3,51
Mike Bostock (2013-05-15T23:09:58Z),6,10
Mike Bostock (2013-05-15T23:10:30Z),63,85
Mike Bostock (2013-05-15T23:11:06Z),32,40
Mike Bostock (2013-05-15T23:11:34Z),5,5
Samuel Williams (2013-05-16T07:49:00Z),2,11
Samuel Williams (2013-05-18T09:02:18Z),3,3
Samuel Williams (2013-05-18T09:08:16Z),1,4
Samuel Williams (2013-05-18T10:30:20Z),11,2
Samuel Williams (2013-05-18T10:30:41Z),14542,18345
Samuel Williams (2013-05-18T10:30:58Z),4,7
Samuel Williams (2013-05-18T17:22:46Z),8,9
Mike Bostock (2013-05-18T17:58:44Z),19,22
Mike Bostock (2013-05-18T17:59:26Z),1,1
Jason Davies (2014-03-20T14:24:57Z),2,2
Roger Bramon (2014-03-21T21:04:36Z),0,136
Jim Kang (2014-03-22T04:50:22Z),12,12
Mike Bostock (2014-03-22T14:35:26Z),12,12
Mike Bostock (2014-03-24T03:24:32Z),0,136
Mike Bostock (2014-03-24T05:51:07Z),32,173
Mike Bostock (2014-03-24T05:51:07Z),14,14
Mike Bostock (2014-03-24T05:51:26Z),7,8
Mike Bostock (2014-03-24T05:51:47Z),1,3
Mike Bostock (2014-03-24T05:52:06Z),63,100
Mike Bostock (2014-03-24T05:52:13Z),13,17
Mike Bostock (2014-03-24T05:52:19Z),39,7
Mike Bostock (2014-03-24T05:52:25Z),3,10
Mike Bostock (2014-03-24T05:52:31Z),7,7
Mike Bostock (2014-03-24T05:52:42Z),5,3
Mike Bostock (2014-03-24T05:52:42Z),12,12
Mike Bostock (2014-03-24T05:52:46Z),25,23
Mike Bostock (2014-03-24T05:52:50Z),98,98
Mike Bostock (2014-03-24T05:52:50Z),3,5
Mike Bostock (2014-03-24T05:52:54Z),11,52
Mike Bostock (2014-03-24T05:52:59Z),37,42
Mike Bostock (2014-03-24T05:53:03Z),10,11
Mike Bostock (2014-03-24T05:53:07Z),6,8
Mike Bostock (2014-03-24T05:53:07Z),1,5
Mike Bostock (2014-03-24T05:53:07Z),3,12
Mike Bostock (2014-03-24T05:57:35Z),33,27
Mike Bostock (2014-03-24T16:02:48Z),5,5
Mike Bostock (2014-03-25T03:45:44Z),304,518
Jason Davies (2014-03-26T18:56:41Z),17,22
Mike Bostock (2014-03-26T20:14:42Z),10,10
Jason Davies (2014-03-20T14:24:57Z),2,2
Roger Bramon (2014-03-21T21:04:36Z),0,136
Jim Kang (2014-03-22T04:50:22Z),12,12
Mike Bostock (2014-03-22T14:35:26Z),12,12
Mike Bostock (2014-03-24T03:24:32Z),0,136
Mike Bostock (2014-03-24T05:51:07Z),32,173
Mike Bostock (2014-03-24T05:51:07Z),14,14
Mike Bostock (2014-03-24T05:51:26Z),7,8
Mike Bostock (2014-03-24T05:51:47Z),1,3
Mike Bostock (2014-03-24T05:52:06Z),63,100
Mike Bostock (2014-03-24T05:52:13Z),13,17
Mike Bostock (2014-03-24T05:52:19Z),39,7
Mike Bostock (2014-03-24T05:52:25Z),3,10
Mike Bostock (2014-03-24T05:52:31Z),7,7
Mike Bostock (2014-03-24T05:52:42Z),5,3
Mike Bostock (2014-03-24T05:52:42Z),12,12
Mike Bostock (2014-03-24T05:52:46Z),25,23
Mike Bostock (2014-03-24T05:52:50Z),98,98
Mike Bostock (2014-03-24T05:52:50Z),3,5
Mike Bostock (2014-03-24T05:52:54Z),11,52
Mike Bostock (2014-03-24T05:52:59Z),37,42
Mike Bostock (2014-03-24T05:53:03Z),10,11
Mike Bostock (2014-03-24T05:53:07Z),6,8
Mike Bostock (2014-03-24T05:53:07Z),1,5
Mike Bostock (2014-03-24T05:53:07Z),3,12
Mike Bostock (2014-03-24T05:57:35Z),33,27
Mike Bostock (2014-03-24T16:02:48Z),5,5
Mike Bostock (2014-03-25T03:45:44Z),304,518
Jason Davies (2014-03-27T21:36:46Z),23,23
Jason Davies (2014-03-27T21:37:10Z),53,565
Mike Bostock (2013-10-05T21:59:03Z),6,18
Jason Davies (2013-10-05T22:32:36Z),9,9
Mike Bostock (2013-10-07T16:00:34Z),66,65
Mike Bostock (2013-10-07T16:06:01Z),9,6
Mike Bostock (2013-10-07T22:27:41Z),3,3
Mike Bostock (2013-10-09T14:57:55Z),6,6
Mike Bostock (2013-10-09T15:07:55Z),223,291
Mike Bostock (2013-10-09T15:08:27Z),24,17
Mike Bostock (2013-10-09T15:09:07Z),3,3
Mike Bostock (2013-10-09T15:09:35Z),9,9
Mike Bostock (2013-10-09T15:10:05Z),6,6
Mike Bostock (2013-10-09T15:13:22Z),16,24
Mike Bostock (2013-10-09T15:41:42Z),11,55
Mike Bostock (2013-10-09T15:43:03Z),3,4
Mike Bostock (2013-10-09T16:07:16Z),16,19
Mike Bostock (2013-10-09T21:43:35Z),32,43
Mike Bostock (2013-10-09T23:46:23Z),27,25
Mike Bostock (2013-10-09T23:53:12Z),12,7
Mike Bostock (2013-10-10T04:22:44Z),3,3
Mike Bostock (2013-10-10T05:11:07Z),7,5
Mike Bostock (2013-10-10T15:26:30Z),27,26
Mike Bostock (2013-10-10T15:36:59Z),60,60
Mike Bostock (2013-10-10T15:44:29Z),29,30
Mike Bostock (2013-10-10T23:46:19Z),1443,2175
Mike Bostock (2013-10-11T00:19:13Z),256,184
Mike Bostock (2013-10-11T03:49:09Z),3186,11
Mike Bostock (2013-10-11T03:51:20Z),0,10
Mike Bostock (2013-10-11T03:53:19Z),2,2
Mike Bostock (2013-10-11T03:53:25Z),184,256
Jason Davies (2013-10-11T08:30:56Z),18,33
Mike Bostock (2014-01-08T21:05:13Z),87,72
Mike Bostock (2014-01-08T21:10:00Z),1082,1095
Mike Bostock (2014-01-08T22:21:24Z),774,775
Mike Bostock (2014-01-08T22:29:44Z),13,14
Mike Bostock (2014-01-08T22:45:44Z),0,16
Mike Bostock (2014-01-08T23:00:32Z),120,113
Mike Bostock (2014-01-08T23:30:21Z),66,74
Mike Bostock (2014-01-08T23:47:10Z),0,26
Mike Bostock (2014-01-09T18:50:11Z),55,32
Mike Bostock (2014-01-09T19:07:32Z),1,132
Mike Bostock (2014-01-09T21:54:49Z),28,41
Mike Bostock (2014-01-09T22:03:03Z),1,3
Mike Bostock (2014-01-09T23:14:25Z),20,127
Mike Bostock (2014-01-09T23:25:16Z),50,37
Mike Bostock (2014-01-09T23:31:05Z),175,135
Mike Bostock (2014-01-09T23:32:10Z),28,43
Mike Bostock (2014-01-09T23:32:48Z),97,226
Mike Bostock (2014-01-09T23:33:19Z),6924,6982
Mike Bostock (2014-01-09T23:33:53Z),27,45
Mike Bostock (2014-01-09T23:36:18Z),6,6
Mike Bostock (2014-01-10T00:37:18Z),5,10
Mike Bostock (2014-01-10T00:38:12Z),5,10
Mike Bostock (2014-01-10T00:43:32Z),56,164
Mike Bostock (2014-01-10T00:44:43Z),3,3
Mike Bostock (2014-01-10T05:40:47Z),10,9
Mike Bostock (2014-01-10T17:52:03Z),4,4
Jason Davies (2014-01-10T22:18:17Z),1,1
Mike Bostock (2014-01-13T19:42:04Z),44,32
Mike Bostock (2014-01-15T22:34:25Z),1,1
Mike Bostock (2014-01-23T23:50:29Z),2,33
Mike Bostock (2014-01-09T23:32:10Z),28,43
Mike Bostock (2014-01-09T23:32:48Z),97,226
Mike Bostock (2014-01-09T23:33:19Z),6924,6982
Mike Bostock (2014-01-09T23:33:53Z),27,45
Mike Bostock (2014-01-09T23:36:18Z),6,6
Mike Bostock (2014-01-10T00:37:18Z),5,10
Mike Bostock (2014-01-10T00:38:12Z),5,10
Mike Bostock (2014-01-10T00:43:32Z),56,164
Mike Bostock (2014-01-10T00:44:43Z),3,3
Mike Bostock (2014-01-10T05:40:47Z),10,9
Mike Bostock (2014-01-10T17:52:03Z),4,4
Jason Davies (2014-01-10T22:18:17Z),1,1
Mike Bostock (2014-01-13T19:42:04Z),44,32
kmindi (2014-01-14T23:02:33Z),0,20
kmindi (2014-01-14T23:15:26Z),2,1
kmindi (2014-01-15T07:14:28Z),1,1
Mike Bostock (2014-01-15T22:34:25Z),1,1
Mike Bostock (2014-01-16T17:57:14Z),0,19
Jesus Magana (2014-01-21T02:51:51Z),0,1
Mike Bostock (2014-01-21T16:10:09Z),0,1
PatrickJS (2014-02-03T10:04:15Z),1,1
jbblanchet (2014-02-11T19:33:51Z),2,4
jbblanchet (2014-02-12T02:29:15Z),0,5
Mike Bostock (2014-02-18T16:14:25Z),1,1
Mike Bostock (2014-02-18T16:19:56Z),2,9
Mike Bostock (2014-02-18T16:38:48Z),9,29
Mike Bostock (2014-02-18T16:39:33Z),11,38
Jason Davies (2014-02-27T00:29:52Z),12,16
Mike Bostock (2014-02-27T15:50:18Z),17,21
Mike Bostock (2014-02-27T22:48:48Z),5,3
Mike Bostock (2013-10-10T15:36:59Z),60,60
Mike Bostock (2013-10-10T15:44:29Z),29,30
Mike Bostock (2013-10-10T23:46:19Z),1443,2175
Mike Bostock (2013-10-11T00:19:13Z),256,184
Mike Bostock (2013-10-11T03:49:09Z),3186,11
Mike Bostock (2013-10-11T03:51:20Z),0,10
Mike Bostock (2013-10-11T03:53:19Z),2,2
Jason Davies (2013-10-11T10:41:55Z),5,17
Jason Davies (2013-10-11T15:12:03Z),287,299
Mike Bostock (2013-10-11T18:41:02Z),16,18
Mike Bostock (2013-10-12T04:06:01Z),4,10
Mike Bostock (2013-10-12T04:21:26Z),7,5
Mike Bostock (2013-10-12T04:24:28Z),2,7
Mike Bostock (2013-10-14T15:54:43Z),289,306
Mike Bostock (2013-10-14T15:55:15Z),11,21
Mike Bostock (2013-10-14T15:56:31Z),322,357
Jason Davies (2013-10-15T21:43:09Z),35,63
Mike Bostock (2013-10-16T15:47:09Z),55,73
Mike Bostock (2013-10-16T16:13:43Z),84,84
Harry Voorhees (2013-10-16T23:18:46Z),21,25
Harry Voorhees (2013-10-17T00:12:08Z),18,15
Harry Voorhees (2013-10-17T00:32:04Z),5,9
Mike Bostock (2013-10-17T15:58:19Z),4,41
Mike Bostock (2013-10-17T16:11:22Z),29,45
Mike Bostock (2013-10-25T21:53:47Z),15,20
Mike Bostock (2013-10-25T22:35:22Z),11,64
Mike Bostock (2013-10-25T22:35:59Z),15,20
Mike Bostock (2013-10-25T22:36:50Z),84,188
Jason Davies (2013-11-09T10:10:47Z),11,22
Mike Bostock (2013-11-19T17:12:55Z),34,22
Mike Bostock (2011-11-04T00:04:02Z),6,41
Mike Bostock (2011-11-04T18:28:27Z),12,19
Mike Bostock (2011-11-04T19:03:01Z),12,21
Mike Bostock (2011-11-04T19:41:42Z),34,104
Jason Davies (2011-11-04T20:14:20Z),12,14
Jason Davies (2011-11-04T20:18:18Z),26,4
Mike Bostock (2011-11-04T20:18:19Z),10,14
Jason Davies (2011-11-04T20:19:14Z),8,8
Jason Davies (2011-11-04T20:23:51Z),3,3
Jason Davies (2011-11-04T20:25:45Z),404,2078
Mike Bostock (2011-11-04T20:32:14Z),3,3
Jason Davies (2011-11-04T20:35:09Z),3,3
Jason Davies (2011-11-04T20:38:13Z),10,18
Mike Bostock (2011-11-04T20:39:06Z),11,5
Mike Bostock (2011-11-04T20:41:02Z),10,18
Mike Bostock (2011-11-04T20:48:56Z),1,1
Mike Bostock (2011-11-04T21:10:01Z),20,6
Jason Davies (2011-11-04T22:01:55Z),3,7
Jason Davies (2011-11-04T22:12:05Z),4,4
Mike Bostock (2011-11-04T22:13:44Z),3,7
Mike Bostock (2011-11-04T22:14:06Z),52,52
Mike Bostock (2011-11-04T23:19:58Z),6,113
Mike Bostock (2011-11-04T23:46:35Z),14,28
Mike Bostock (2011-11-05T01:08:53Z),4,4
Mike Bostock (2011-11-05T02:03:17Z),10,8
Mike Bostock (2011-11-05T02:05:06Z),0,60
Mike Bostock (2011-11-05T02:06:43Z),18,197
Mike Bostock (2011-11-05T02:36:50Z),411,2310
Mike Bostock (2011-11-05T02:42:59Z),6,6
Mike Bostock (2011-11-08T04:28:18Z),5,27
Fabricio Tavares de Oliveira (2014-03-17T13:11:34Z),0,136
Mike Bostock (2014-03-17T15:10:35Z),0,136
Jason Davies (2014-03-20T14:20:55Z),1,17
Jason Davies (2014-03-20T14:24:57Z),2,2
Roger Bramon (2014-03-21T21:04:36Z),0,136
Jim Kang (2014-03-22T04:50:22Z),12,12
Mike Bostock (2014-03-22T14:35:26Z),12,12
Mike Bostock (2014-03-24T03:24:32Z),0,136
Mike Bostock (2014-03-24T05:51:07Z),32,173
Mike Bostock (2014-03-24T05:51:07Z),14,14
Mike Bostock (2014-03-24T05:51:26Z),7,8
Mike Bostock (2014-03-24T05:51:47Z),1,3
Mike Bostock (2014-03-24T05:52:06Z),63,100
Mike Bostock (2014-03-24T05:52:13Z),13,17
Mike Bostock (2014-03-24T05:52:19Z),39,7
Mike Bostock (2014-03-24T05:52:25Z),3,10
Mike Bostock (2014-03-24T05:52:31Z),7,7
Mike Bostock (2014-03-24T05:52:42Z),5,3
Mike Bostock (2014-03-24T05:52:42Z),12,12
Mike Bostock (2014-03-24T05:52:46Z),25,23
Mike Bostock (2014-03-24T05:52:50Z),98,98
Mike Bostock (2014-03-24T05:52:50Z),3,5
Mike Bostock (2014-03-24T05:52:54Z),11,52
Mike Bostock (2014-03-24T05:52:59Z),37,42
Mike Bostock (2014-03-24T05:53:03Z),10,11
Mike Bostock (2014-03-24T05:53:07Z),6,8
Mike Bostock (2014-03-24T05:53:07Z),1,5
Mike Bostock (2014-03-24T05:53:07Z),3,12
Mike Bostock (2014-03-24T05:57:35Z),33,27
Mike Bostock (2014-03-24T16:02:48Z),5,5
